"K00001","alcohol dehydrogenase [EC:1.1.1.1]"
"K00008","L-iditol 2-dehydrogenase [EC:1.1.1.14]"
"K00010","myo-inositol 2-dehydrogenase / D-chiro-inositol 1-dehydrogenase [EC:1.1.1.18 1.1.1.369]"
"K00014","shikimate dehydrogenase [EC:1.1.1.25]"
"K00016","L-lactate dehydrogenase [EC:1.1.1.27]"
"K00019","3-hydroxybutyrate dehydrogenase [EC:1.1.1.30]"
"K00046","gluconate 5-dehydrogenase [EC:1.1.1.69]"
"K00057","glycerol-3-phosphate dehydrogenase (NAD(P)+) [EC:1.1.1.94]"
"K00058","D-3-phosphoglycerate dehydrogenase / 2-oxoglutarate reductase [EC:1.1.1.95 1.1.1.399]"
"K00059","3-oxoacyl-[acyl-carrier protein] reductase [EC:1.1.1.100]"
"K00067","dTDP-4-dehydrorhamnose reductase [EC:1.1.1.133]"
"K00075","UDP-N-acetylmuramate dehydrogenase [EC:1.3.1.98]"
"K00088","IMP dehydrogenase [EC:1.1.1.205]"
"K00133","aspartate-semialdehyde dehydrogenase [EC:1.2.1.11]"
"K00134","glyceraldehyde 3-phosphate dehydrogenase [EC:1.2.1.12]"
"K00215","4-hydroxy-tetrahydrodipicolinate reductase [EC:1.17.1.8]"
"K00244","fumarate reductase flavoprotein subunit [EC:1.3.5.4]"
"K00248","butyryl-CoA dehydrogenase [EC:1.3.8.1]"
"K00262","glutamate dehydrogenase (NADP+) [EC:1.4.1.4]"
"K00266","glutamate synthase (NADPH/NADH) small chain [EC:1.4.1.13 1.4.1.14]"
"K00287","dihydrofolate reductase [EC:1.5.1.3]"
"K00344","NADPH2:quinone reductase [EC:1.6.5.5]"
"K00382","dihydrolipoamide dehydrogenase [EC:1.8.1.4]"
"K00384","thioredoxin reductase (NADPH) [EC:1.8.1.9]"
"K00432","glutathione peroxidase [EC:1.11.1.9]"
"K00525","ribonucleoside-diphosphate reductase alpha chain [EC:1.17.4.1]"
"K00548","5-methyltetrahydrofolate--homocysteine methyltransferase [EC:2.1.1.13]"
"K00549","5-methyltetrahydropteroyltriglutamate--homocysteine methyltransferase [EC:2.1.1.14]"
"K00554","tRNA (guanine37-N1)-methyltransferase [EC:2.1.1.228]"
"K00558","DNA (cytosine-5)-methyltransferase 1 [EC:2.1.1.37]"
"K00560","thymidylate synthase [EC:2.1.1.45]"
"K00566","tRNA-uridine 2-sulfurtransferase [EC:2.8.1.13]"
"K00567","methylated-DNA-[protein]-cysteine S-methyltransferase [EC:2.1.1.63]"
"K00571","site-specific DNA-methyltransferase (adenine-specific) [EC:2.1.1.72]"
"K00600","glycine hydroxymethyltransferase [EC:2.1.2.1]"
"K00602","phosphoribosylaminoimidazolecarboxamide formyltransferase / IMP cyclohydrolase [EC:2.1.2.3 3.5.4.10]"
"K00604","methionyl-tRNA formyltransferase [EC:2.1.2.9]"
"K00609","aspartate carbamoyltransferase catalytic subunit [EC:2.1.3.2]"
"K00615","transketolase [EC:2.2.1.1]"
"K00640","serine O-acetyltransferase [EC:2.3.1.30]"
"K00645","[acyl-carrier-protein] S-malonyltransferase [EC:2.3.1.39]"
"K00647","3-oxoacyl-[acyl-carrier-protein] synthase I [EC:2.3.1.41]"
"K00648","3-oxoacyl-[acyl-carrier-protein] synthase III [EC:2.3.1.180]"
"K00655","1-acyl-sn-glycerol-3-phosphate acyltransferase [EC:2.3.1.51]"
"K00656","formate C-acetyltransferase [EC:2.3.1.54]"
"K00661","maltose O-acetyltransferase [EC:2.3.1.79]"
"K00666","fatty-acyl-CoA synthase [EC:6.2.1.-]"
"K00688","glycogen phosphorylase [EC:2.4.1.1]"
"K00700","1,4-alpha-glucan branching enzyme [EC:2.4.1.18]"
"K00705","4-alpha-glucanotransferase [EC:2.4.1.25]"
"K00721","dolichol-phosphate mannosyltransferase [EC:2.4.1.83]"
"K00754","L-malate glycosyltransferase [EC:2.4.1.-]"
"K00759","adenine phosphoribosyltransferase [EC:2.4.2.7]"
"K00760","hypoxanthine phosphoribosyltransferase [EC:2.4.2.8]"
"K00761","uracil phosphoribosyltransferase [EC:2.4.2.9]"
"K00762","orotate phosphoribosyltransferase [EC:2.4.2.10]"
"K00763","nicotinate phosphoribosyltransferase [EC:6.3.4.21]"
"K00764","amidophosphoribosyltransferase [EC:2.4.2.14]"
"K00773","queuine tRNA-ribosyltransferase [EC:2.4.2.29]"
"K00784","ribonuclease Z [EC:3.1.26.11]"
"K00786","glycosyltransferase [EC:2.4.-.-]"
"K00788","thiamine-phosphate pyrophosphorylase [EC:2.5.1.3]"
"K00789","S-adenosylmethionine synthetase [EC:2.5.1.6]"
"K00790","UDP-N-acetylglucosamine 1-carboxyvinyltransferase [EC:2.5.1.7]"
"K00791","tRNA dimethylallyltransferase [EC:2.5.1.75]"
"K00796","dihydropteroate synthase [EC:2.5.1.15]"
"K00800","3-phosphoshikimate 1-carboxyvinyltransferase [EC:2.5.1.19]"
"K00806","undecaprenyl diphosphate synthase [EC:2.5.1.31]"
"K00812","aspartate aminotransferase [EC:2.6.1.1]"
"K00817","histidinol-phosphate aminotransferase [EC:2.6.1.9]"
"K00820","glucosamine---fructose-6-phosphate aminotransferase (isomerizing) [EC:2.6.1.16]"
"K00826","branched-chain amino acid aminotransferase [EC:2.6.1.42]"
"K00845","glucokinase [EC:2.7.1.2]"
"K00847","fructokinase [EC:2.7.1.4]"
"K00849","galactokinase [EC:2.7.1.6]"
"K00852","ribokinase [EC:2.7.1.15]"
"K00854","xylulokinase [EC:2.7.1.17]"
"K00858","NAD+ kinase [EC:2.7.1.23]"
"K00859","dephospho-CoA kinase [EC:2.7.1.24]"
"K00864","glycerol kinase [EC:2.7.1.30]"
"K00865","glycerate 2-kinase [EC:2.7.1.165]"
"K00868","pyridoxine kinase [EC:2.7.1.35]"
"K00873","pyruvate kinase [EC:2.7.1.40]"
"K00874","2-dehydro-3-deoxygluconokinase [EC:2.7.1.45]"
"K00876","uridine kinase [EC:2.7.1.48]"
"K00882","1-phosphofructokinase [EC:2.7.1.56]"
"K00891","shikimate kinase [EC:2.7.1.71]"
"K00925","acetate kinase [EC:2.7.2.1]"
"K00927","phosphoglycerate kinase [EC:2.7.2.3]"
"K00928","aspartate kinase [EC:2.7.2.4]"
"K00939","adenylate kinase [EC:2.7.4.3]"
"K00941","hydroxymethylpyrimidine/phosphomethylpyrimidine kinase [EC:2.7.1.49 2.7.4.7]"
"K00942","guanylate kinase [EC:2.7.4.8]"
"K00945","CMP/dCMP kinase [EC:2.7.4.25]"
"K00948","ribose-phosphate pyrophosphokinase [EC:2.7.6.1]"
"K00949","thiamine pyrophosphokinase [EC:2.7.6.2]"
"K00950","2-amino-4-hydroxy-6-hydroxymethyldihydropteridine diphosphokinase [EC:2.7.6.3]"
"K00951","GTP pyrophosphokinase [EC:2.7.6.5]"
"K00954","pantetheine-phosphate adenylyltransferase [EC:2.7.7.3]"
"K00962","polyribonucleotide nucleotidyltransferase [EC:2.7.7.8]"
"K00969","nicotinate-nucleotide adenylyltransferase [EC:2.7.7.18]"
"K00970","poly(A) polymerase [EC:2.7.7.19]"
"K00973","glucose-1-phosphate thymidylyltransferase [EC:2.7.7.24]"
"K00974","tRNA nucleotidyltransferase (CCA-adding enzyme) [EC:2.7.7.72 3.1.3.- 3.1.4.-]"
"K00975","glucose-1-phosphate adenylyltransferase [EC:2.7.7.27]"
"K00981","phosphatidate cytidylyltransferase [EC:2.7.7.41]"
"K00986","RNA-directed DNA polymerase [EC:2.7.7.49]"
"K00991","2-C-methyl-D-erythritol 4-phosphate cytidylyltransferase [EC:2.7.7.60]"
"K00995","CDP-diacylglycerol---glycerol-3-phosphate 3-phosphatidyltransferase [EC:2.7.8.5]"
"K00996","undecaprenyl-phosphate galactose phosphotransferase [EC:2.7.8.6]"
"K01000","phospho-N-acetylmuramoyl-pentapeptide-transferase [EC:2.7.8.13]"
"K01056","peptidyl-tRNA hydrolase, PTH1 family [EC:3.1.1.29]"
"K01069","hydroxyacylglutathione hydrolase [EC:3.1.2.6]"
"K01081","5-nucleotidase [EC:3.1.3.5]"
"K01091","phosphoglycolate phosphatase [EC:3.1.3.18]"
"K01104","protein-tyrosine phosphatase [EC:3.1.3.48]"
"K01119","2,3-cyclic-nucleotide 2-phosphodiesterase / 3-nucleotidase [EC:3.1.4.16 3.1.3.6]"
"K01126","glycerophosphoryl diester phosphodiesterase [EC:3.1.4.46]"
"K01129","dGTPase [EC:3.1.5.1]"
"K01138","uncharacterized sulfatase [EC:3.1.6.-]"
"K01142","exodeoxyribonuclease III [EC:3.1.11.2]"
"K01153","type I restriction enzyme, R subunit [EC:3.1.21.3]"
"K01154","type I restriction enzyme, S subunit [EC:3.1.21.3]"
"K01159","crossover junction endodeoxyribonuclease RuvC [EC:3.1.22.4]"
"K01176","alpha-amylase [EC:3.2.1.1]"
"K01181","endo-1,4-beta-xylanase [EC:3.2.1.8]"
"K01185","lysozyme [EC:3.2.1.17]"
"K01187","alpha-glucosidase [EC:3.2.1.20]"
"K01190","beta-galactosidase [EC:3.2.1.23]"
"K01193","beta-fructofuranosidase [EC:3.2.1.26]"
"K01200","pullulanase [EC:3.2.1.41]"
"K01206","alpha-L-fucosidase [EC:3.2.1.51]"
"K01207","beta-N-acetylhexosaminidase [EC:3.2.1.52]"
"K01208","cyclomaltodextrinase / maltogenic alpha-amylase / neopullulanase [EC:3.2.1.54 3.2.1.133 3.2.1.135]"
"K01223","6-phospho-beta-glucosidase [EC:3.2.1.86]"
"K01227","mannosyl-glycoprotein endo-beta-N-acetylglucosaminidase [EC:3.2.1.96]"
"K01243","adenosylhomocysteine nucleosidase [EC:3.2.2.9]"
"K01246","DNA-3-methyladenine glycosylase I [EC:3.2.2.20]"
"K01258","tripeptide aminopeptidase [EC:3.4.11.4]"
"K01262","Xaa-Pro aminopeptidase [EC:3.4.11.9]"
"K01265","methionyl aminopeptidase [EC:3.4.11.18]"
"K01270","dipeptidase D [EC:3.4.13.-]"
"K01271","Xaa-Pro dipeptidase [EC:3.4.13.9]"
"K01278","dipeptidyl-peptidase 4 [EC:3.4.14.5]"
"K01338","ATP-dependent Lon protease [EC:3.4.21.53]"
"K01356","repressor LexA [EC:3.4.21.88]"
"K01358","ATP-dependent Clp protease, protease subunit [EC:3.4.21.92]"
"K01361","lactocepin [EC:3.4.21.96]"
"K01372","bleomycin hydrolase [EC:3.4.22.40]"
"K01409","N6-L-threonylcarbamoyladenine synthase [EC:2.3.1.234]"
"K01424","L-asparaginase [EC:3.5.1.1]"
"K01436","amidohydrolase [EC:3.5.1.-]"
"K01439","succinyl-diaminopimelate desuccinylase [EC:3.5.1.18]"
"K01448","N-acetylmuramoyl-L-alanine amidase [EC:3.5.1.28]"
"K01462","peptide deformylase [EC:3.5.1.88]"
"K01465","dihydroorotase [EC:3.5.2.3]"
"K01491","methylenetetrahydrofolate dehydrogenase (NADP+) / methenyltetrahydrofolate cyclohydrolase [EC:1.5.1.5 3.5.4.9]"
"K01515","ADP-ribose pyrophosphatase [EC:3.6.1.13]"
"K01520","dUTP pyrophosphatase [EC:3.6.1.23]"
"K01533","Cu2+-exporting ATPase [EC:3.6.3.4]"
"K01534","Cd2+/Zn2+-exporting ATPase [EC:3.6.3.3 3.6.3.5]"
"K01537","Ca2+-transporting ATPase [EC:3.6.3.8]"
"K01586","diaminopimelate decarboxylase [EC:4.1.1.20]"
"K01588","5-(carboxyamino)imidazole ribonucleotide mutase [EC:5.4.99.18]"
"K01591","orotidine-5-phosphate decarboxylase [EC:4.1.1.23]"
"K01607","4-carboxymuconolactone decarboxylase [EC:4.1.1.44]"
"K01619","deoxyribose-phosphate aldolase [EC:4.1.2.4]"
"K01624","fructose-bisphosphate aldolase, class II [EC:4.1.2.13]"
"K01625","2-dehydro-3-deoxyphosphogluconate aldolase / (4S)-4-hydroxy-2-oxoglutarate aldolase [EC:4.1.2.14 4.1.3.42]"
"K01652","acetolactate synthase I/II/III large subunit [EC:2.2.1.6]"
"K01662","1-deoxy-D-xylulose-5-phosphate synthase [EC:2.2.1.7]"
"K01689","enolase [EC:4.2.1.11]"
"K01696","tryptophan synthase beta chain [EC:4.2.1.20]"
"K01710","dTDP-glucose 4,6-dehydratase [EC:4.2.1.46]"
"K01714","4-hydroxy-tetrahydrodipicolinate synthase [EC:4.3.3.7]"
"K01733","threonine synthase [EC:4.2.3.1]"
"K01735","3-dehydroquinate synthase [EC:4.2.3.4]"
"K01736","chorismate synthase [EC:4.2.3.5]"
"K01738","cysteine synthase A [EC:2.5.1.47]"
"K01740","O-acetylhomoserine (thiol)-lyase [EC:2.5.1.49]"
"K01752","L-serine dehydratase [EC:4.3.1.17]"
"K01755","argininosuccinate lyase [EC:4.3.2.1]"
"K01756","adenylosuccinate lyase [EC:4.3.2.2]"
"K01759","lactoylglutathione lyase [EC:4.4.1.5]"
"K01768","adenylate cyclase [EC:4.6.1.1]"
"K01775","alanine racemase [EC:5.1.1.1]"
"K01776","glutamate racemase [EC:5.1.1.3]"
"K01783","ribulose-phosphate 3-epimerase [EC:5.1.3.1]"
"K01784","UDP-glucose 4-epimerase [EC:5.1.3.2]"
"K01785","aldose 1-epimerase [EC:5.1.3.3]"
"K01790","dTDP-4-dehydrorhamnose 3,5-epimerase [EC:5.1.3.13]"
"K01802","peptidylprolyl isomerase [EC:5.2.1.8]"
"K01803","triosephosphate isomerase (TIM) [EC:5.3.1.1]"
"K01808","ribose 5-phosphate isomerase B [EC:5.3.1.6]"
"K01809","mannose-6-phosphate isomerase [EC:5.3.1.8]"
"K01810","glucose-6-phosphate isomerase [EC:5.3.1.9]"
"K01817","phosphoribosylanthranilate isomerase [EC:5.3.1.24]"
"K01834","2,3-bisphosphoglycerate-dependent phosphoglycerate mutase [EC:5.4.2.11]"
"K01835","phosphoglucomutase [EC:5.4.2.2]"
"K01838","beta-phosphoglucomutase [EC:5.4.2.6]"
"K01840","phosphomannomutase [EC:5.4.2.8]"
"K01866","tyrosyl-tRNA synthetase [EC:6.1.1.1]"
"K01867","tryptophanyl-tRNA synthetase [EC:6.1.1.2]"
"K01868","threonyl-tRNA synthetase [EC:6.1.1.3]"
"K01869","leucyl-tRNA synthetase [EC:6.1.1.4]"
"K01870","isoleucyl-tRNA synthetase [EC:6.1.1.5]"
"K01872","alanyl-tRNA synthetase [EC:6.1.1.7]"
"K01873","valyl-tRNA synthetase [EC:6.1.1.9]"
"K01874","methionyl-tRNA synthetase [EC:6.1.1.10]"
"K01875","seryl-tRNA synthetase [EC:6.1.1.11]"
"K01876","aspartyl-tRNA synthetase [EC:6.1.1.12]"
"K01881","prolyl-tRNA synthetase [EC:6.1.1.15]"
"K01883","cysteinyl-tRNA synthetase [EC:6.1.1.16]"
"K01885","glutamyl-tRNA synthetase [EC:6.1.1.17]"
"K01887","arginyl-tRNA synthetase [EC:6.1.1.19]"
"K01889","phenylalanyl-tRNA synthetase alpha chain [EC:6.1.1.20]"
"K01890","phenylalanyl-tRNA synthetase beta chain [EC:6.1.1.20]"
"K01892","histidyl-tRNA synthetase [EC:6.1.1.21]"
"K01897","long-chain acyl-CoA synthetase [EC:6.2.1.3]"
"K01915","glutamine synthetase [EC:6.3.1.2]"
"K01921","D-alanine-D-alanine ligase [EC:6.3.2.4]"
"K01923","phosphoribosylaminoimidazole-succinocarboxamide synthase [EC:6.3.2.6]"
"K01924","UDP-N-acetylmuramate--alanine ligase [EC:6.3.2.8]"
"K01925","UDP-N-acetylmuramoylalanine--D-glutamate ligase [EC:6.3.2.9]"
"K01928","UDP-N-acetylmuramoyl-L-alanyl-D-glutamate--2,6-diaminopimelate ligase [EC:6.3.2.13]"
"K01929","UDP-N-acetylmuramoyl-tripeptide--D-alanyl-D-alanine ligase [EC:6.3.2.10]"
"K01933","phosphoribosylformylglycinamidine cyclo-ligase [EC:6.3.3.1]"
"K01934","5-formyltetrahydrofolate cyclo-ligase [EC:6.3.3.2]"
"K01937","CTP synthase [EC:6.3.4.2]"
"K01938","formate--tetrahydrofolate ligase [EC:6.3.4.3]"
"K01939","adenylosuccinate synthase [EC:6.3.4.4]"
"K01945","phosphoribosylamine---glycine ligase [EC:6.3.4.13]"
"K01951","GMP synthase (glutamine-hydrolysing) [EC:6.3.5.2]"
"K01952","phosphoribosylformylglycinamidine synthase [EC:6.3.5.3]"
"K01955","carbamoyl-phosphate synthase large subunit [EC:6.3.5.5]"
"K01956","carbamoyl-phosphate synthase small subunit [EC:6.3.5.5]"
"K01962","acetyl-CoA carboxylase carboxyl transferase subunit alpha [EC:6.4.1.2 2.1.3.15]"
"K01963","acetyl-CoA carboxylase carboxyl transferase subunit beta [EC:6.4.1.2 2.1.3.15]"
"K01972","DNA ligase (NAD+) [EC:6.5.1.2]"
"K01990","ABC-2 type transport system ATP-binding protein"
"K01992","ABC-2 type transport system permease protein"
"K02003","putative ABC transport system ATP-binding protein"
"K02004","putative ABC transport system permease protein"
"K02010","iron(III) transport system ATP-binding protein [EC:3.6.3.30]"
"K02011","iron(III) transport system permease protein"
"K02012","iron(III) transport system substrate-binding protein"
"K02013","iron complex transport system ATP-binding protein [EC:3.6.3.34]"
"K02014","iron complex outermembrane recepter protein"
"K02015","iron complex transport system permease protein"
"K02016","iron complex transport system substrate-binding protein"
"K02025","multiple sugar transport system permease protein"
"K02026","multiple sugar transport system permease protein"
"K02027","multiple sugar transport system substrate-binding protein"
"K02028","polar amino acid transport system ATP-binding protein [EC:3.6.3.21]"
"K02029","polar amino acid transport system permease protein"
"K02030","polar amino acid transport system substrate-binding protein"
"K02031","peptide/nickel transport system ATP-binding protein"
"K02032","peptide/nickel transport system ATP-binding protein"
"K02033","peptide/nickel transport system permease protein"
"K02034","peptide/nickel transport system permease protein"
"K02035","peptide/nickel transport system substrate-binding protein"
"K02049","NitT/TauT family transport system ATP-binding protein"
"K02050","NitT/TauT family transport system permease protein"
"K02051","NitT/TauT family transport system substrate-binding protein"
"K02056","simple sugar transport system ATP-binding protein [EC:3.6.3.17]"
"K02057","simple sugar transport system permease protein"
"K02071","D-methionine transport system ATP-binding protein"
"K02072","D-methionine transport system permease protein"
"K02073","D-methionine transport system substrate-binding protein"
"K02078","acyl carrier protein"
"K02081","DeoR family transcriptional regulator, aga operon transcriptional repressor"
"K02108","F-type H+-transporting ATPase subunit a"
"K02109","F-type H+-transporting ATPase subunit b"
"K02111","F-type H+-transporting ATPase subunit alpha [EC:3.6.3.14]"
"K02112","F-type H+-transporting ATPase subunit beta [EC:3.6.3.14]"
"K02113","F-type H+-transporting ATPase subunit delta"
"K02114","F-type H+-transporting ATPase subunit epsilon"
"K02115","F-type H+-transporting ATPase subunit gamma"
"K02226","alpha-ribazole phosphatase [EC:3.1.3.73]"
"K02234","cobalamin biosynthesis protein CobW"
"K02238","competence protein ComEC"
"K02313","chromosomal replication initiator protein"
"K02314","replicative DNA helicase [EC:3.6.4.12]"
"K02316","DNA primase [EC:2.7.7.-]"
"K02335","DNA polymerase I [EC:2.7.7.7]"
"K02337","DNA polymerase III subunit alpha [EC:2.7.7.7]"
"K02338","DNA polymerase III subunit beta [EC:2.7.7.7]"
"K02340","DNA polymerase III subunit delta [EC:2.7.7.7]"
"K02341","DNA polymerase III subunit delta [EC:2.7.7.7]"
"K02342","DNA polymerase III subunit epsilon [EC:2.7.7.7]"
"K02343","DNA polymerase III subunit gamma/tau [EC:2.7.7.7]"
"K02346","DNA polymerase IV [EC:2.7.7.7]"
"K02355","elongation factor G"
"K02356","elongation factor P"
"K02357","elongation factor Ts"
"K02358","elongation factor Tu"
"K02372","3-hydroxyacyl-[acyl-carrier-protein] dehydratase [EC:4.2.1.59]"
"K02428","XTP/dITP diphosphohydrolase [EC:3.6.1.66]"
"K02444","DeoR family transcriptional regulator, glycerol-3-phosphate regulon repressor"
"K02469","DNA gyrase subunit A [EC:5.99.1.3]"
"K02470","DNA gyrase subunit B [EC:5.99.1.3]"
"K02477","two-component system, LytTR family, response regulator"
"K02479","two-component system, NarL family, response regulator"
"K02483","two-component system, OmpR family, response regulator"
"K02484","two-component system, OmpR family, sensor kinase [EC:2.7.13.3]"
"K02493","release factor glutamine methyltransferase [EC:2.1.1.297]"
"K02495","oxygen-independent coproporphyrinogen III oxidase [EC:1.3.98.3]"
"K02503","histidine triad (HIT) family protein"
"K02518","translation initiation factor IF-1"
"K02519","translation initiation factor IF-2"
"K02520","translation initiation factor IF-3"
"K02528","16S rRNA (adenine1518-N6/adenine1519-N6)-dimethyltransferase [EC:2.1.1.182]"
"K02529","LacI family transcriptional regulator"
"K02563","UDP-N-acetylglucosamine--N-acetylmuramyl-(pentapeptide) pyrophosphoryl-undecaprenol N-acetylglucosamine transferase [EC:2.4.1.227]"
"K02564","glucosamine-6-phosphate deaminase [EC:3.5.99.6]"
"K02600","N utilization substance protein A"
"K02601","transcriptional antiterminator NusG"
"K02755","PTS system, beta-glucoside-specific IIA component [EC:2.7.1.-]"
"K02756","PTS system, beta-glucoside-specific IIB component [EC:2.7.1.-]"
"K02757","PTS system, beta-glucoside-specific IIC component"
"K02759","PTS system, cellobiose-specific IIA component [EC:2.7.1.196 2.7.1.205]"
"K02760","PTS system, cellobiose-specific IIB component [EC:2.7.1.196 2.7.1.205]"
"K02761","PTS system, cellobiose-specific IIC component"
"K02768","PTS system, fructose-specific IIA component [EC:2.7.1.202]"
"K02769","PTS system, fructose-specific IIB component [EC:2.7.1.202]"
"K02770","PTS system, fructose-specific IIC component"
"K02793","PTS system, mannose-specific IIA component [EC:2.7.1.191]"
"K02794","PTS system, mannose-specific IIB component [EC:2.7.1.191]"
"K02795","PTS system, mannose-specific IIC component"
"K02796","PTS system, mannose-specific IID component"
"K02809","PTS system, sucrose-specific IIB component [EC:2.7.1.211]"
"K02810","PTS system, sucrose-specific IIC component"
"K02834","ribosome-binding factor A"
"K02835","peptide chain release factor 1"
"K02836","peptide chain release factor 2"
"K02838","ribosome recycling factor"
"K02860","16S rRNA processing protein RimM"
"K02863","large subunit ribosomal protein L1"
"K02864","large subunit ribosomal protein L10"
"K02867","large subunit ribosomal protein L11"
"K02871","large subunit ribosomal protein L13"
"K02874","large subunit ribosomal protein L14"
"K02876","large subunit ribosomal protein L15"
"K02878","large subunit ribosomal protein L16"
"K02879","large subunit ribosomal protein L17"
"K02881","large subunit ribosomal protein L18"
"K02884","large subunit ribosomal protein L19"
"K02886","large subunit ribosomal protein L2"
"K02887","large subunit ribosomal protein L20"
"K02888","large subunit ribosomal protein L21"
"K02890","large subunit ribosomal protein L22"
"K02892","large subunit ribosomal protein L23"
"K02895","large subunit ribosomal protein L24"
"K02899","large subunit ribosomal protein L27"
"K02902","large subunit ribosomal protein L28"
"K02904","large subunit ribosomal protein L29"
"K02906","large subunit ribosomal protein L3"
"K02907","large subunit ribosomal protein L30"
"K02909","large subunit ribosomal protein L31"
"K02911","large subunit ribosomal protein L32"
"K02913","large subunit ribosomal protein L33"
"K02914","large subunit ribosomal protein L34"
"K02916","large subunit ribosomal protein L35"
"K02919","large subunit ribosomal protein L36"
"K02926","large subunit ribosomal protein L4"
"K02931","large subunit ribosomal protein L5"
"K02933","large subunit ribosomal protein L6"
"K02935","large subunit ribosomal protein L7/L12"
"K02939","large subunit ribosomal protein L9"
"K02945","small subunit ribosomal protein S1"
"K02946","small subunit ribosomal protein S10"
"K02948","small subunit ribosomal protein S11"
"K02950","small subunit ribosomal protein S12"
"K02952","small subunit ribosomal protein S13"
"K02954","small subunit ribosomal protein S14"
"K02956","small subunit ribosomal protein S15"
"K02959","small subunit ribosomal protein S16"
"K02961","small subunit ribosomal protein S17"
"K02963","small subunit ribosomal protein S18"
"K02965","small subunit ribosomal protein S19"
"K02967","small subunit ribosomal protein S2"
"K02968","small subunit ribosomal protein S20"
"K02982","small subunit ribosomal protein S3"
"K02986","small subunit ribosomal protein S4"
"K02988","small subunit ribosomal protein S5"
"K02990","small subunit ribosomal protein S6"
"K02992","small subunit ribosomal protein S7"
"K02994","small subunit ribosomal protein S8"
"K02996","small subunit ribosomal protein S9"
"K03040","DNA-directed RNA polymerase subunit alpha [EC:2.7.7.6]"
"K03043","DNA-directed RNA polymerase subunit beta [EC:2.7.7.6]"
"K03046","DNA-directed RNA polymerase subunit beta [EC:2.7.7.6]"
"K03070","preprotein translocase subunit SecA"
"K03075","preprotein translocase subunit SecG"
"K03076","preprotein translocase subunit SecY"
"K03086","RNA polymerase primary sigma factor"
"K03088","RNA polymerase sigma-70 factor, ECF subfamily"
"K03100","signal peptidase I [EC:3.4.21.89]"
"K03101","signal peptidase II [EC:3.4.23.36]"
"K03106","signal recognition particle subunit SRP54 [EC:3.6.5.4]"
"K03110","fused signal recognition particle receptor"
"K03111","single-strand DNA-binding protein"
"K03168","DNA topoisomerase I [EC:5.99.1.2]"
"K03169","DNA topoisomerase III [EC:5.99.1.2]"
"K03177","tRNA pseudouridine55 synthase [EC:5.4.99.25]"
"K03183","demethylmenaquinone methyltransferase / 2-methoxy-6-polyprenyl-1,4-benzoquinol methylase [EC:2.1.1.163 2.1.1.201]"
"K03205","type IV secretion system protein VirD4"
"K03210","preprotein translocase subunit YajC"
"K03215","23S rRNA (uracil1939-C5)-methyltransferase [EC:2.1.1.190]"
"K03217","YidC/Oxa1 family membrane protein insertase"
"K03218","23S rRNA (guanosine2251-2-O)-methyltransferase [EC:2.1.1.185]"
"K03281","chloride channel protein, CIC family"
"K03282","large conductance mechanosensitive channel"
"K03284","magnesium transporter"
"K03286","OmpA-OmpF porin, OOP family"
"K03292","glycoside/pentoside/hexuronide:cation symporter, GPH family"
"K03294","basic amino acid/polyamine antiporter, APA family"
"K03296","hydrophobic/amphiphilic exporter-1 (mainly G- bacteria), HAE1 family"
"K03308","neurotransmitter:Na+ symporter, NSS family"
"K03310","alanine or glycine:cation symporter, AGCS family"
"K03311","branched-chain amino acid:cation transporter, LIVCS family"
"K03320","ammonium transporter, Amt family"
"K03327","multidrug resistance protein, MATE family"
"K03328","polysaccharide transporter, PST family"
"K03402","transcriptional regulator of arginine metabolism"
"K03406","methyl-accepting chemotaxis protein"
"K03424","TatD DNase family protein [EC:3.1.21.-]"
"K03427","type I restriction enzyme M protein [EC:2.1.1.72]"
"K03436","DeoR family transcriptional regulator, fructose operon transcriptional repressor"
"K03437","RNA methyltransferase, TrmH family"
"K03438","16S rRNA (cytosine1402-N4)-methyltransferase [EC:2.1.1.199]"
"K03439","tRNA (guanine-N7-)-methyltransferase [EC:2.1.1.33]"
"K03446","MFS transporter, DHA2 family, multidrug resistance protein"
"K03466","DNA segregation ATPase FtsK/SpoIIIE, S-DNA-T family"
"K03469","ribonuclease HI [EC:3.1.26.4]"
"K03470","ribonuclease HII [EC:3.1.26.4]"
"K03491","lichenan operon transcriptional antiterminator"
"K03495","tRNA uridine 5-carboxymethylaminomethyl modification enzyme"
"K03496","chromosome partitioning protein"
"K03497","chromosome partitioning protein, ParB family"
"K03498","trk system potassium uptake protein"
"K03499","trk system potassium uptake protein"
"K03501","16S rRNA (guanine527-N7)-methyltransferase [EC:2.1.1.170]"
"K03521","electron transfer flavoprotein beta subunit"
"K03522","electron transfer flavoprotein alpha subunit"
"K03524","BirA family transcriptional regulator, biotin operon repressor / biotin---[acetyl-CoA-carboxylase] ligase [EC:6.3.4.15]"
"K03527","4-hydroxy-3-methylbut-2-en-1-yl diphosphate reductase [EC:1.17.7.4]"
"K03529","chromosome segregation protein"
"K03530","DNA-binding protein HU-beta"
"K03531","cell division protein FtsZ"
"K03536","ribonuclease P protein component [EC:3.1.26.5]"
"K03544","ATP-dependent Clp protease ATP-binding subunit ClpX"
"K03545","trigger factor"
"K03550","holliday junction DNA helicase RuvA [EC:3.6.4.12]"
"K03551","holliday junction DNA helicase RuvB [EC:3.6.4.12]"
"K03553","recombination protein RecA"
"K03555","DNA mismatch repair protein MutS"
"K03565","regulatory protein"
"K03569","rod shape-determining protein MreB and related proteins"
"K03574","8-oxo-dGTP diphosphatase [EC:3.6.1.55]"
"K03575","A/G-specific adenine glycosylase [EC:3.2.2.31]"
"K03584","DNA repair protein RecO (recombination protein O)"
"K03585","membrane fusion protein, multidrug efflux system"
"K03588","cell division protein FtsW"
"K03589","cell division protein FtsQ"
"K03593","ATP-binding protein involved in chromosome partitioning"
"K03595","GTPase"
"K03596","GTP-binding protein LepA"
"K03601","exodeoxyribonuclease VII large subunit [EC:3.1.11.6]"
"K03602","exodeoxyribonuclease VII small subunit [EC:3.1.11.6]"
"K03624","transcription elongation factor GreA"
"K03625","N utilization substance protein B"
"K03628","transcription termination factor Rho"
"K03629","DNA replication and repair protein RecF"
"K03631","DNA repair protein RecN (Recombination protein N)"
"K03648","uracil-DNA glycosylase [EC:3.2.2.27]"
"K03650","tRNA modification GTPase [EC:3.6.-.-]"
"K03652","DNA-3-methyladenine glycosylase [EC:3.2.2.21]"
"K03654","ATP-dependent DNA helicase RecQ [EC:3.6.4.12]"
"K03655","ATP-dependent DNA helicase RecG [EC:3.6.4.12]"
"K03657","DNA helicase II / ATP-dependent DNA helicase PcrA [EC:3.6.4.12]"
"K03664","SsrA-binding protein"
"K03665","GTPase"
"K03671","thioredoxin 1"
"K03685","ribonuclease III [EC:3.1.26.3]"
"K03686","molecular chaperone DnaJ"
"K03687","molecular chaperone GrpE"
"K03695","ATP-dependent Clp protease ATP-binding subunit ClpB"
"K03696","ATP-dependent Clp protease ATP-binding subunit ClpC"
"K03699","putative hemolysin"
"K03701","excinuclease ABC subunit A"
"K03702","excinuclease ABC subunit B"
"K03703","excinuclease ABC subunit C"
"K03710","GntR family transcriptional regulator"
"K03711","Fur family transcriptional regulator, ferric uptake regulator"
"K03723","transcription-repair coupling factor (superfamily II helicase) [EC:3.6.4.-]"
"K03733","integrase/recombinase XerC"
"K03734","FAD:protein FMN transferase [EC:2.7.1.180]"
"K03744","LemA protein"
"K03768","peptidyl-prolyl cis-trans isomerase B (cyclophilin B) [EC:5.2.1.8]"
"K03773","FKBP-type peptidyl-prolyl cis-trans isomerase FklB [EC:5.2.1.8]"
"K03790","[ribosomal protein S5]-alanine N-acetyltransferase [EC:2.3.1.267]"
"K03797","carboxyl-terminal processing protease [EC:3.4.21.102]"
"K03798","cell division protease FtsH [EC:3.4.24.-]"
"K03832","periplasmic protein TonB"
"K03924","MoxR-like ATPase [EC:3.6.3.-]"
"K03925","MraZ protein"
"K03977","GTPase"
"K03979","GTPase [EC:3.6.5.-]"
"K04042","bifunctional UDP-N-acetylglucosamine pyrophosphorylase / Glucosamine-1-phosphate N-acetyltransferase [EC:2.7.7.23 2.3.1.157]"
"K04043","molecular chaperone DnaK"
"K04047","starvation-inducible DNA-binding protein"
"K04066","primosomal protein N (replication factor Y) (superfamily II helicase) [EC:3.6.4.-]"
"K04068","anaerobic ribonucleoside-triphosphate reductase activating protein [EC:1.97.1.4]"
"K04069","pyruvate formate lyase activating enzyme [EC:1.97.1.4]"
"K04072","acetaldehyde dehydrogenase / alcohol dehydrogenase [EC:1.2.1.10 1.1.1.1]"
"K04075","tRNA(Ile)-lysidine synthase [EC:6.3.4.19]"
"K04077","chaperonin GroEL"
"K04078","chaperonin GroES"
"K04095","cell filamentation protein"
"K04096","DNA processing protein"
"K04114","benzoyl-CoA reductase subunit A [EC:1.3.7.8]"
"K04485","DNA repair protein RadA/Sms"
"K04487","cysteine desulfurase [EC:2.8.1.7]"
"K04564","superoxide dismutase, Fe-Mn family [EC:1.15.1.1]"
"K04567","lysyl-tRNA synthetase, class II [EC:6.1.1.6]"
"K04758","ferrous iron transport protein A"
"K04759","ferrous iron transport protein B"
"K04761","LysR family transcriptional regulator, hydrogen peroxide-inducible genes activator"
"K04763","integrase/recombinase XerD"
"K04771","serine protease Do [EC:3.4.21.107]"
"K05349","beta-glucosidase [EC:3.2.1.21]"
"K05366","penicillin-binding protein 1A [EC:2.4.1.129 3.4.16.4]"
"K05499","LacI family transcriptional regulator, repressor for deo operon, udp, cdd, tsx, nupC, and nupG"
"K05540","tRNA-dihydrouridine synthase B [EC:1.-.-.-]"
"K05592","ATP-dependent RNA helicase DeaD [EC:3.6.4.13]"
"K05601","hydroxylamine reductase [EC:1.7.99.1]"
"K05799","GntR family transcriptional regulator, transcriptional repressor for pyruvate dehydrogenase complex"
"K05808","putative sigma-54 modulation protein"
"K05837","rod shape determining protein RodA"
"K05845","osmoprotectant transport system substrate-binding protein"
"K05846","osmoprotectant transport system permease protein"
"K06131","cardiolipin synthase A/B [EC:2.7.8.-]"
"K06142","outer membrane protein"
"K06147","ATP-binding cassette, subfamily B, bacterial"
"K06148","ATP-binding cassette, subfamily C, bacterial"
"K06153","undecaprenyl-diphosphatase [EC:3.6.1.27]"
"K06158","ATP-binding cassette, subfamily F, member 3"
"K06168","tRNA-2-methylthio-N6-dimethylallyladenosine synthase [EC:2.8.4.3]"
"K06173","tRNA pseudouridine38-40 synthase [EC:5.4.99.12]"
"K06178","23S rRNA pseudouridine2605 synthase [EC:5.4.99.22]"
"K06180","23S rRNA pseudouridine1911/1915/1917 synthase [EC:5.4.99.23]"
"K06183","16S rRNA pseudouridine516 synthase [EC:5.4.99.19]"
"K06187","recombination protein RecR"
"K06196","cytochrome c-type biogenesis protein"
"K06199","fluoride exporter"
"K06207","GTP-binding protein"
"K06217","phosphate starvation-inducible protein PhoH and related proteins"
"K06221","2,5-diketo-D-gluconate reductase A [EC:1.1.1.346]"
"K06223","DNA adenine methylase [EC:2.1.1.72]"
"K06287","septum formation protein"
"K06400","site-specific DNA recombinase"
"K06871","uncharacterized protein"
"K06881","bifunctional oligoribonuclease and PAP phosphatase NrnA [EC:3.1.3.7 3.1.13.3]"
"K06889","uncharacterized protein"
"K06901","putative MFS transporter, AGZA family, xanthine/uracil permease"
"K06925","tRNA threonylcarbamoyladenosine biosynthesis protein TsaE"
"K06941","23S rRNA (adenine2503-C2)-methyltransferase [EC:2.1.1.192]"
"K06942","ribosome-binding ATPase"
"K06949","ribosome biogenesis GTPase / thiamine phosphate phosphatase [EC:3.6.1.- 3.1.3.100]"
"K06950","uncharacterized protein"
"K06958","RNase adapter protein RapZ"
"K06966","pyrimidine/purine-5-nucleotide nucleosidase [EC:3.2.2.10 3.2.2.-]"
"K06997","PLP dependent protein"
"K07001","NTE family protein"
"K07003","uncharacterized protein"
"K07005","uncharacterized protein"
"K07011","uncharacterized protein"
"K07025","putative hydrolase of the HAD superfamily"
"K07029","diacylglycerol kinase (ATP) [EC:2.7.1.107]"
"K07030","uncharacterized protein"
"K07042","probable rRNA maturation factor"
"K07052","uncharacterized protein"
"K07056","16S rRNA (cytidine1402-2-O)-methyltransferase [EC:2.1.1.198]"
"K07082","UPF0755 protein"
"K07088","uncharacterized protein"
"K07095","uncharacterized protein"
"K07098","uncharacterized protein"
"K07107","acyl-CoA thioester hydrolase [EC:3.1.2.-]"
"K07114","Ca-activated chloride channel homolog"
"K07124","uncharacterized protein"
"K07133","uncharacterized protein"
"K07165","transmembrane sensor"
"K07214","enterochelin esterase and related enzymes"
"K07240","chromate transporter"
"K07258","serine-type D-Ala-D-Ala carboxypeptidase (penicillin-binding protein 5/6) [EC:3.4.16.4]"
"K07263","zinc protease [EC:3.4.24.-]"
"K07271","lipopolysaccharide cholinephosphotransferase [EC:2.7.8.-]"
"K07273","lysozyme"
"K07284","sortase A [EC:3.4.22.70]"
"K07317","adenine-specific DNA-methyltransferase [EC:2.1.1.72]"
"K07386","putative endopeptidase [EC:3.4.24.-]"
"K07391","magnesium chelatase family protein"
"K07407","alpha-galactosidase [EC:3.2.1.22]"
"K07447","putative holliday junction resolvase [EC:3.1.-.-]"
"K07460","putative endonuclease"
"K07462","single-stranded-DNA-specific exonuclease [EC:3.1.-.-]"
"K07473","DNA-damage-inducible protein J"
"K07478","putative ATPase"
"K07481","transposase, IS5 family"
"K07482","transposase, IS30 family"
"K07483","transposase"
"K07485","transposase"
"K07487","transposase"
"K07491","putative transposase"
"K07493","putative transposase"
"K07495","putative transposase"
"K07496","putative transposase"
"K07497","putative transposase"
"K07560","D-aminoacyl-tRNA deacylase [EC:3.1.1.96]"
"K07566","L-threonylcarbamoyladenylate synthase [EC:2.7.7.87]"
"K07568","S-adenosylmethionine:tRNA ribosyltransferase-isomerase [EC:2.4.99.17]"
"K07636","two-component system, OmpR family, phosphate regulon sensor histidine kinase PhoR [EC:2.7.13.3]"
"K07642","two-component system, OmpR family, sensor histidine kinase BaeS [EC:2.7.13.3]"
"K07652","two-component system, OmpR family, sensor histidine kinase VicK [EC:2.7.13.3]"
"K07657","two-component system, OmpR family, phosphate regulon response regulator PhoB"
"K07658","two-component system, OmpR family, alkaline phosphatase synthesis response regulator PhoP"
"K07665","two-component system, OmpR family, copper resistance phosphate regulon response regulator CusR"
"K07668","two-component system, OmpR family, response regulator VicR"
"K07669","two-component system, OmpR family, response regulator MprA"
"K07684","two-component system, NarL family, nitrate/nitrite response regulator NarL"
"K07692","two-component system, NarL family, response regulator DegU"
"K07693","two-component system, NarL family, response regulator DesR"
"K07696","two-component system, NarL family, response regulator NreC"
"K07713","two-component system, NtrC family, response regulator HydG"
"K07718","two-component system, sensor histidine kinase YesM [EC:2.7.13.3]"
"K07720","two-component system, response regulator YesN"
"K07757","sugar-phosphatase [EC:3.1.3.23]"
"K07775","two-component system, OmpR family, response regulator ResD"
"K07776","two-component system, OmpR family, response regulator RegX3"
"K07778","two-component system, NarL family, sensor histidine kinase DesK [EC:2.7.13.3]"
"K07979","GntR family transcriptional regulator"
"K08166","MFS transporter, DHA2 family, methylenomycin A resistance protein"
"K08282","non-specific serine/threonine protein kinase [EC:2.7.11.1]"
"K08303","putative protease [EC:3.4.-.-]"
"K08316","16S rRNA (guanine966-N2)-methyltransferase [EC:2.1.1.171]"
"K08483","phosphotransferase system, enzyme I, PtsI [EC:2.7.3.9]"
"K08659","dipeptidase [EC:3.4.-.-]"
"K08884","serine/threonine protein kinase, bacterial [EC:2.7.11.1]"
"K08998","uncharacterized protein"
"K09013","Fe-S cluster assembly ATP-binding protein"
"K09014","Fe-S cluster assembly protein SufB"
"K09015","Fe-S cluster assembly protein SufD"
"K09022","2-iminobutanoate/2-iminopropanoate deaminase [EC:3.5.99.10]"
"K09155","uncharacterized protein"
"K09458","3-oxoacyl-[acyl-carrier-protein] synthase II [EC:2.3.1.179]"
"K09681","LysR family transcriptional regulator, transcription activator of glutamate synthase operon"
"K09710","ribosome-associated protein"
"K09748","ribosome maturation factor RimP"
"K09761","16S rRNA (uracil1498-N3)-methyltransferase [EC:2.1.1.193]"
"K09808","lipoprotein-releasing system permease protein"
"K09809","CDP-glycerol glycerophosphotransferase [EC:2.7.8.12]"
"K09810","lipoprotein-releasing system ATP-binding protein [EC:3.6.3.-]"
"K09815","zinc transport system substrate-binding protein"
"K09816","zinc transport system permease protein"
"K09817","zinc transport system ATP-binding protein [EC:3.6.3.-]"
"K09903","uridylate kinase [EC:2.7.4.22]"
"K09951","CRISPR-associated protein Cas2"
"K10112","multiple sugar transport system ATP-binding protein"
"K10117","raffinose/stachyose/melibiose transport system substrate-binding protein"
"K10118","raffinose/stachyose/melibiose transport system permease protein"
"K10119","raffinose/stachyose/melibiose transport system permease protein"
"K10439","ribose transport system substrate-binding protein"
"K10440","ribose transport system permease protein"
"K10441","ribose transport system ATP-binding protein [EC:3.6.3.17]"
"K10672","glycine reductase complex component B subunit gamma [EC:1.21.4.2]"
"K10773","endonuclease III [EC:4.2.99.18]"
"K10797","2-enoate reductase [EC:1.3.1.31]"
"K10823","oligopeptide transport system ATP-binding protein"
"K10834","heme-transporting ATPase [EC:3.6.3.41]"
"K11085","ATP-binding cassette, subfamily B, bacterial MsbA [EC:3.6.3.-]"
"K11175","phosphoribosylglycinamide formyltransferase 1 [EC:2.1.2.2]"
"K11189","phosphocarrier protein"
"K11618","two-component system, NarL family, response regulator LiaR"
"K11717","cysteine desulfurase / selenocysteine lyase [EC:2.8.1.7 4.4.1.16]"
"K11749","regulator of sigma E protease [EC:3.4.24.-]"
"K11753","riboflavin kinase / FMN adenylyltransferase [EC:2.7.1.26 2.7.7.2]"
"K11754","dihydrofolate synthase / folylpolyglutamate synthase [EC:6.3.2.12 6.3.2.17]"
"K11904","type VI secretion system secreted protein VgrG"
"K11921","LysR family transcriptional regulator, cyn operon transcriptional activator"
"K11991","tRNA(adenine34) deaminase [EC:3.5.4.33]"
"K12132","eukaryotic-like serine/threonine-protein kinase [EC:2.7.11.1]"
"K12264","anaerobic nitric oxide reductase flavorubredoxin"
"K12267","peptide methionine sulfoxide reductase msrA/msrB [EC:1.8.4.11 1.8.4.12]"
"K12373","hexosaminidase [EC:3.2.1.52]"
"K12410","NAD-dependent deacetylase [EC:3.5.1.-]"
"K12574","ribonuclease J [EC:3.1.-.-]"
"K12983","UDP-glucose:(glucosyl)LPS beta-1,3-glucosyltransferase [EC:2.4.1.-]"
"K13274","cell wall-associated protease [EC:3.4.21.-]"
"K13292","phosphatidylglycerol:prolipoprotein diacylglycerol transferase [EC:2.-.-.-]"
"K13789","geranylgeranyl diphosphate synthase, type II [EC:2.5.1.1 2.5.1.10 2.5.1.29]"
"K14059","integrase"
"K14155","cystathione beta-lyase [EC:4.4.1.8]"
"K14645","serine protease [EC:3.4.21.-]"
"K14742","tRNA threonylcarbamoyladenosine biosynthesis protein TsaB"
"K15125","filamentous hemagglutinin"
"K15342","CRISP-associated protein Cas1"
"K15580","oligopeptide transport system substrate-binding protein"
"K15582","oligopeptide transport system permease protein"
"K15634","probable phosphoglycerate mutase [EC:5.4.2.12]"
"K15738","ABC transport system ATP-binding/permease protein"
"K15770","arabinogalactan oligomer / maltooligosaccharide transport system substrate-binding protein"
"K16089","outer membrane receptor for ferrienterochelin and colicins"
"K16148","alpha-maltose-1-phosphate synthase [EC:2.4.1.342]"
"K16785","energy-coupling factor transport system permease protein"
"K16786","energy-coupling factor transport system ATP-binding protein [EC:3.6.3.-]"
"K16787","energy-coupling factor transport system ATP-binding protein [EC:3.6.3.-]"
"K16898","ATP-dependent helicase/nuclease subunit A [EC:3.1.-.- 3.6.4.12]"
"K16926","energy-coupling factor transport system substrate-specific component"
"K17686","Cu+-exporting ATPase [EC:3.6.3.54]"
"K17758","ADP-dependent NAD(P)H-hydrate dehydratase [EC:4.2.1.136]"
"K17759","NAD(P)H-hydrate epimerase [EC:5.1.99.6]"
"K18704","CDP-ribitol ribitolphosphotransferase / teichoic acid ribitol-phosphate polymerase [EC:2.7.8.14 2.7.8.47]"
"K18908","multidrug efflux pump"
"K19157","mRNA interferase YafQ [EC:3.1.-.-]"
"K19270","sugar-phosphatase [EC:3.1.3.23]"
"K19302","undecaprenyl-diphosphatase [EC:3.6.1.27]"
"K19304","murein DD-endopeptidase [EC:3.4.24.-]"
"K19337","RpiR family transcriptional regulator, carbohydrate utilization regulator"
"K19354","heptose III glucuronosyltransferase [EC:2.4.1.-]"
"K19425","glycosyltransferase EpsH [EC:2.4.-.-]"
"K19427","glycosyltransferase EpsJ [EC:2.4.-.-]"
"K19694","two-component system, sensor histidine kinase ChiS"
"K20074","PPM family protein phosphatase [EC:3.1.3.16]"
"K20276","large repetitive protein"
"K20344","ATP-binding cassette, subfamily C, bacteriocin exporter"
"K20444","O-antigen biosynthesis protein [EC:2.4.1.-]"
"K20861","FMN hydrolase / 5-amino-6-(5-phospho-D-ribitylamino)uracil phosphatase [EC:3.1.3.102 3.1.3.104]"
"K21064","5-amino-6-(5-phospho-D-ribitylamino)uracil phosphatase [EC:3.1.3.104]"
"K21449","trimeric autotransporter adhesin"
"K21471","peptidoglycan DL-endopeptidase CwlO [EC:3.4.-.-]"
"K21572","starch-binding outer membrane protein, SusD/RagB family"
"K21573","TonB-dependent starch-binding outer membrane protein SusC"
"K21636","ribonucleoside-triphosphate reductase (formate) [EC:1.1.98.6]"
"K21703","LysR family transcriptional regulator, low CO2-responsive transcriptional regulator"
"K21757","LysR family transcriptional regulator, benzoate and cis,cis-muconate-responsive activator of ben and cat genes"
"K21900","LysR family transcriptional regulator, transcriptional activator of the cysJI operon"
"K21929","uracil-DNA glycosylase [EC:3.2.2.27]"
"K21936","anaerobilin synthase [EC:2.1.1.342]"
"K22230","scyllo-inositol 2-dehydrogenase (NADP+) [EC:1.1.1.-]"
"K22278","peptidoglycan-N-acetylglucosamine deacetylase [EC:3.5.1.104]"
"K22305","phosphoserine phosphatase [EC:3.1.3.3]"
"K22391","GTP cyclohydrolase I [EC:3.5.4.16]"
"K22405","NADH oxidase (H2O-forming) [EC:1.6.3.4]"
